Quality Metrics in High-Dimensional Data Visualization: An Overview and Systematization,2011,InfoVis,Theory and Foundations,"Enrico Bertini, Andrada Tatu, Daniel Keim","Quality Metrics, High-Dimensional Data Visualization.",,,,,,,,,1,,,,1,,1,
Benefitting InfoVis with Visual Difficulties,2011,InfoVis,Theory and Foundations,"Jessica Hullman, Eytan Adar, Priti Shah","Desirable difficulites, cognitive efficiency, active processing, engagement, individual differences.",,,,,,,,,1,,,,1,,1,
Product Plots,2011,InfoVis,Theory and Foundations,"Hadley Wickham, Heike Hofmann","Statistics, joint distribution, conditional distribution, treemap, bar chart, mosaic plot.",,,,,1,,,,1,,,,1,,,
Visualization Rhetoric: Framing Effects in Narrative Visualization,2011,InfoVis,Theory and Foundations,"Jessica Hullman, Nick Diakopoulos","Rhetoric, narrative visualization, framing effects, semiotics, denotation, connotation.",,,,,1,,,,,,,,1,,,
Adaptive Privacy-Preserving Visualization Using Parallel Coordinates,2011,InfoVis,Theory and Foundations,"Aritra Dasgupta, Robert Kosara","Parallel coordinates, privacy, clustering.",,,,1,,,,,1,,,,1,1,,
Context-Preserving Visual Links,2011,InfoVis,Techniques,"Markus Steinberger, Manuela Waldner, Marc Streit, Alexander Lex, Dieter Schmalstieg","Visual links, highlighting, connectedness, routing, image-based, saliency.",,,,,,,1,,,1,,1,1,,,1
"Design Study of LineSets, a Novel Set Visualization Technique",2011,InfoVis,Techniques,"Basak Alper, Nathalie Riche, Gonzalo Ramos, Mary Czerwinski","Set visualization, clustering, faceted data visualization, graph visualization.",,1,1,1,,1,,,,,,1,,1,,1
Developing and Evaluating Quilts for the Depiction of Large Layered Graphs,2011,InfoVis,Techniques,"Juhee Bae, Benjamin Watson","Graph drawing, layered graphs, matrix based depiction, node-link diagram.",,1,,1,,,,,,,,1,,,,
Arc Length-based Aspect Ratio Selection,2011,InfoVis,Techniques,"Justin Talbot, John Gerth, Pat Hanrahan","Aspect ratio selection, Banking to 45 degrees, Orientation resolution.",1,,,,1,,,,,,1,,,1,,
Asymmetric Relations in Longitudinal Social Networks,2011,InfoVis,Techniques,"Ulrik Brandes, Bobo Nick","Network Visualization, Social Networks, Time Series Data, Visual Knowledge Discovery and Representation, Glyph- based Techniques.",,,,,1,,,,,,,,1,,,1
"VisBricks: Multiform Visualization of Large, Inhomogeneous Data",2011,InfoVis,Systems and Frameworks,"Alexander Lex, Hans-Joerg Schulz, Marc Streit, Christian Partl, Dieter Schmalstieg","Inhomogeneous data, multiple coordinated views, multiform visualization.",,,1,,1,,1,,,,,,1,,,1
D3: Data-Driven Documents,2011,InfoVis,Systems and Frameworks,"Michael Bostock, Vadim Ogievetsky, Jeffrey Heer","Information visualization, user interfaces, toolkits, 2D graphics.",1,,,,1,,1,,,,1,,1,1,,1
Flexible Linked Axes for Multivariate Data Visualization,2011,InfoVis,Systems and Frameworks,"Jarry H.T. Claessen, Jarke J. van Wijk","Multivariate data, visualization, scatterplot, Parallel Coordinates Plot.",,,,1,,,1,1,,,,1,,1,,1
Synthetic Generation of High-dimensional Datasets,2011,InfoVis,Systems and Frameworks,"Georgia Albuquerque, Thomas Löwe, Marcus Magnor","Synthetic data generation, multivariate data, high-dimensional data, interaction.",,,,,,,,,,,,,,,,
Stereoscopic Highlighting: 2D Graph Visualization on Stereo Displays,2011,InfoVis,Graphs,"Basak Alper, Tobias Hollerer, JoAnn Kuchera-Morin, Angus Forbes","Graph visualization, stereo displays, virtual reality.",1,1,1,,,,,,,,1,,,,,
In Situ Exploration of Large Dynamic Networks,2011,InfoVis,Graphs,"Steffen Hadlak, Hans-Jrg Schulz, Heidrun Schumann","Dynamic graph data, multiform visualization, multi-focus+context.",,,,,,,1,,1,,,,1,,,1
Parallel Edge Splatting for Scalable Dynamic Graph Visualization,2011,InfoVis,Graphs,"Michael Burch, Corinna Vehlow, Fabian Beck, Stephan Diehl, Daniel Weiskopf","Dynamic graph visualization, graph splatting, software visualization, software evolution.",,,1,,,,,,1,,,,1,,,
Divided Edge Bundling for Directional Network Data,2011,InfoVis,Graphs,"David Selassie, Brandon Heller, Jeffrey Heer","Graph visualization, aggregation, node-link diagrams, edge bundling, physical simulation.",1,,1,,1,,,,,,1,,1,1,,
Skeleton-Based Edge Bundling for Graph Visualization,2011,InfoVis,Graphs,"Ozan Ersoy, Christophe Hurter, Fernando Paulovich, Gabriel Cantareira, Alex Telea","Graph layouts, edge bundles, image-based information visualization.",1,,1,,,,,,1,,,,1,,,
BirdVis: Visualizing and Understanding Bird Populations,2011,InfoVis,Applications,"Nivan Ferreira, Lauro Lins, Daniel Fink, Steve Kelling, Christopher Wood, Juliana Freire, Claudio Silva",Ornithology; species distribution models; multiscale analysis; spatial data; temporal data.,,,,,1,,,,,,,,1,,,
BallotMaps: Detecting Name Bias in Alphabetically Ordered Ballot Papers,2011,InfoVis,Applications,"Jo Wood, Donia Badawood, Jason Dykes, Aidan Slingsby","Voting, election, bias, democracy, governance, treemaps, geovisualization, hierarchy, governance.",,,,,1,,,,,,,,1,,,
Sequence Surveyor: Leveraging Overview for Scalable Genomic Alignment Visualization,2011,InfoVis,Applications,"Danielle Albers, Colin Dewey, Michael Gleicher","Bioinformatics Visualization, Perception Theory, Scalability Issues, Visual Design.",,,1,,,,1,,,,,,1,,,1
Visualization of Parameter Space for Image Analysis,2011,InfoVis,Applications,"A. Johannes Pretorius, Mark-Anthony P. Bray, Anne E. Carpenter, Roy A. Ruddle","Information visualization, visual analytics, parameter space, image analysis, sampling.",1,,,,1,,,,,1,,1,1,,,
TextFlow: Towards Better Understanding of Evolving Topics in Text,2011,InfoVis,Applications,"Weiwei Cui, Shixia Liu, Li Tan, Conglei Shi, Yangqiu Song, Zekai Gao, Xin Tong, Huamin Qu","Text visualization, Topic evolution, Hierarchical Dirichlet process, Critical event.",1,,,,1,,,,,,1,,1,,,
Exploratory Analysis of Time-series with ChronoLenses,2011,InfoVis,Times and Trees,"Jian Zhao, Fanny Chevalier, Emmanuel Pietriga, Ravin Balakrishnan","Time-series Data, Exploratory Visualization, Focus+Context, Lens, Interaction Techniques.",,,,,1,,,,,,,,1,,,
CloudLines: Compact Display of Event Episodes in Multiple Time-Series,2011,InfoVis,Times and Trees,"Milos Krstajic, Enrico Bertini, Daniel Keim","Incremental Visualization, Event-based Data, Lens Distortion.",,,,,1,,,,,,,,1,,,
"Evaluation of Traditional, Orthogonal, and Radial Tree Diagrams by an Eye Tracking Study",2011,InfoVis,Times and Trees,"Michael Burch, Julian Heinrich, Natalia Konevtsova, Markus Hoeferlin, Daniel Weiskopf","Hierarchy visualization, node-link layout, eye tracking, user study.",,1,,,1,,1,,,,,1,,,,1
TreeNetViz: Revealing Patterns of Networks over Tree Structures,2011,InfoVis,Times and Trees,"Liang Gou, Xiaolong (Luke) Zhang","Compound graph, network and tree, TreeNetViz, visualization, multiscale and cross-scale.",,,,1,1,,,,,,1,,1,,,
Improved Similarity Trees and their Application to Visual Data Classification,2011,InfoVis,Times and Trees,"Jos_ Gustavo Paiva, Laura Florian-Cruz, Helio Pedrini, Guilherme Telles, Rosane Minghim","Similarity Trees, Multidimensional Projections, Image Classification.",,1,1,1,,,,,,,1,,1,,,
A Study on Dual-Scale Data Charts,2011,InfoVis,Evaluation,"Petra Isenberg, Anastasia Bezerianos, Pierre Dragicevic, Jean-Daniel Fekete","Focus+Context, Quantitative Experiment, Dual-Scale Charts.",,,,,1,,,,,,,1,,,,
Evaluation of Artery Visualizations for Heart Disease Diagnosis,2011,InfoVis,Evaluation,"Michelle Borkin, Krzysztof Gajos, Amanda Peters, Dimitrios Mitsouras, Simone Melchionna, Frank Rybic","Quantitative evaluation, qualitative evaluation, biomedical and medical visualization.",,1,,1,,,1,,,,,1,1,,,1
Exploring Ambient and Artistic Visualization for Residential Energy Use Feedback,2011,InfoVis,Evaluation,"Johnny Rodgers, Lyn Bartram","Ambient visualization, informative art, casual infovis, sustainability, distributed visualization.",,,,1,,,1,,1,,,1,,,,1
Human-Centered Approaches in Geovisualization Design: Investigating Multiple Methods Through a Long-Term Case Study,2011,InfoVis,Evaluation,"David Lloyd, Jason Dykes","Evaluation, geovisualization, context of use, requirements, field study, prototypes, sketching, design.",,,,,,,1,1,1,,,1,,,1,1
Visual Thinking In Action: Visualizations As Used On Whiteboards,2011,InfoVis,Evaluation,"Jagoda Walny, Sheelagh Carpendale, Nathalie Henry Riche, Gina Venolia, Philip Fawcett","Visualization, diagrams, whiteboards, observational study.",,,,,,,,,,,,,,,,1
Composite Density Maps for Multivariate Trajectories,2011,InfoVis,Maps and Geovisualization,"Roeland Scheepens, Niels Willems, Huub van de Wetering, Gennady Andrienko, Natalia Andrienko, Jarke J. van Wijk","Trajectories, Kernel Density Estimation, Multivariate Data, Geographical Information Systems, and Raster Maps.",,,1,,1,,,,,,,,1,,,
Focus+Context Metro Maps,2011,InfoVis,Maps and Geovisualization,"Yu-Shuen Wang, Ming-Te Chi","Focus+context visualization, metro map, octilinear layout, graph labeling, optimization.",1,,1,1,,,,,,,1,,,,,
Flow Map Layout via Spiral Trees,2011,InfoVis,Maps and Geovisualization,"Kevin Verbeek, Kevin Buchin, Bettina Speckmann","Flow maps, Automated Cartography, Spiral Trees.",,,,1,1,,,,,,1,,1,1,,
Exploring Uncertainty in Geodemographics with Interactive Graphics,2011,InfoVis,Maps and Geovisualization,"Aidan Slingsby, Jason Dykes, Jo Wood","Geodemographics, OAC, classification, cartography, uncertainty.",,,,,1,,1,,1,,,,1,,,1
Drawing Road Networks with Focus Regions,2011,InfoVis,Maps and Geovisualization,"Jan-Henrik Haunert, Leon Sering","cartography, schematic maps, fish-eye view, graph drawing, optimization, quadratic programming.",1,,,1,,,,,,,1,,,1,,
Local Affine Multidimensional Projection,2011,InfoVis,Multidimensional Visualization,"Paulo Joia, Fernando V. Paulovich, Danilo Coimbra, Jose A. Cuminato, Luis G. Nonato","Multidimensional Projection, High Dimensional Data, Visual Data Mining.",,1,1,1,,,,,,,1,,1,,,
"Angular Histograms: Frequency-Based Visualizations for Large, High Dimensional Data",2011,InfoVis,Multidimensional Visualization,"Zhao Geng, ZhenMin Peng, Robert S.Laramee, Rick Walker, Jonathan C. Roberts","Parallel Coordinates, Angular Histogram, Attribute Curves.",,,,1,,,1,,,,,,1,1,,
DICON: Interactive Visual Analysis of Multidimensional Clusters,2011,InfoVis,Multidimensional Visualization,"Nan Ca, David Gotz, Jimeng Sun, Huamin Qu","Visual Analysis, Clustering, Information Visualization.",,,,,1,,1,,,,,1,1,1,,1
Brushing Dimensions -- A Dual Visual Analysis Model for High-dimensional Data.,2011,InfoVis,Multidimensional Visualization,"Cagatay Turkay, Peter Filzmoser, Helwig Hauser","Interactive visual analysis, High-dimensional data analysis.",,,,,1,,,,,1,,,1,,,
MoleView: An Attribute and Structure-based Semantic Lens for Large Element-based Plots,2011,InfoVis,Multidimensional Visualization,"Christophe Hurter, Ozan Ersoy, Alexandru Telea","Semantic lenses, magic lenses, graph bundling, attribute filtering.",1,,1,,1,,,,,,1,,1,,,
Visual Analytic Roadblocks for Novice Investigators,2011,VAST,Foundations of the Analysis Process,"Bum Chul Kwon, Brian Fisher, Ji Soo Yi","Visual analytics, investigative analysis, cognitive model, framework, roadblock, qualitative experiment",,,,,1,,,,,,,1,,,,
Perception-based Visual Quality Measures,2011,VAST,Foundations of the Analysis Process,"Georgia Albuquerque, Martin Eisemann, Marcus Magnor",H.3.3 [Information Storage and Retrieval]: Infor- mation Search and Retrievalﾑ; Clustering; I.3.3 [Computer Graph- ics]: Picture/Image Generation;,,1,,,1,,,,1,,,1,,1,,
Characterizing the Intelligence Analysis Process: Informing Visual Analytics Design through a Longitudinal Field Study,2011,VAST,Foundations of the Analysis Process,"Youn-ah Kang, John Stasko","Intelligence analysis, qualitatvie user study.",,,,,,,,,1,,,,,,1,
Interactive Visual Comparison of Multiple Trees,2011,VAST,"Tree, Network, and Social Network Analysis","Sebastian Bremm, Tatiana von Landesberger, Martin Heｧ, Tobias Schreck, Philipp Weil, Kay Hamacher","I.3.3[ComputerGraphics]:ViewingAlgorithmsﾑ [H.5.2]: User Interfaces (D.2.2, H.1.2, I.3.6)ﾑInteraction styles (e.g., commands, menus, forms, direct manipulation); I.3.6 [ Com- puter Graphics]: Methodology and TechniquesﾑGraphics data structures and data types",,,1,,1,,,,,1,,,1,,,
Network-based Visual Analysis of Tabular Data,2011,VAST,"Tree, Network, and Social Network Analysis","Zhicheng Liu, Shamkant Navathe, John Stasko",H.5.2 [Information Systems]: Information Inter- faces and PresentationﾑUser Interfaces;,,,,,1,,,,,,,,1,,,
"Orion: A system for Modeling, Transformation and Visualization of Multidimensional Heterogeneous…",2011,VAST,"Tree, Network, and Social Network Analysis","Jeffrey Heer, Adam Perer","socialnetworkanalysis,datamanagement,datatrans- formation, graphs, visualization, end-user programming.",,,,,1,,,,1,,,,1,,,
G-Pare: A Visual Analytic Tool for Comparative Analysis of Uncertian Graphs,2011,VAST,"Tree, Network, and Social Network Analysis","Hossam Sharara, Awalin Sopan, Galileo Namata, Lise Getoor, Lisa Singh","Uncertain Graphs, Comparative Analysis, Model Comparison, Visualizing Uncertainty",,1,,,,,,,1,,,,1,,,
Visual Social Network Analytics for Relationship Discovery in the Enterprise,2011,VAST,"Tree, Network, and Social Network Analysis","Adam Perer, Ido Guy, Erel Uziel, Inbal Ronen, Michal Jacovi","information discovery, social networks, social data mining, social visualization",,,,,1,,,,,,,1,,,,1
How Locus of Control Influences Compatability with Visualization Style,2011,VAST,Sensemaking and Collaboration,"Caroline Ziemkiewicz, R. Jordan Crouser, Ashley Rye Yauilla, Sara L. Su, William Ribarsky, Remco Chang",H.5.m [Information Interfaces and Presentation (HCI)]: Miscellaneous,,1,,,1,,,,,1,,1,,,,
Obvious: A Meta-Toolkit to Encapsulate Information Visualization Toolkits ﾑ One Toolkit to Bind Them All,2011,VAST,Sensemaking and Collaboration,"Jean-Daniel Fekete, Pierre-Luc Hemery, Thomas Baudel, Jo Wood",D.2.11 [Software]: Software ArchitecturesﾑData abstraction; D.2.13 [Software]: Reusable SoftwareﾑDomain engi- neering; K.6.3 [Software]: Software ManagementﾑSoftware pro- cess,,,,,,,,,,1,,,1,,,
Supporting Effective Common Ground Construction in Asynchronous Collaborative Visual Analytics,2011,VAST,Sensemaking and Collaboration,"Yang Chen, Jamal Alsakran, Scott Barlowe, Jing Yang, Ye Zhao","Visual analytics, asynchronous collaboration, insight, multidimensional visualization.",,,,,1,,,1,,,,1,,,,1
Guiding Feature Subset Selection with an Interactive Visualization,2011,VAST,Visual Computational Analysis of Multivariate Data,"Thorsten May, James Davey, Tobias Ruppert, Andreas Bannach, Jörn Kohlhammer",G.3 [Mathematics of Computing]: Probability and StatisticsﾑContingency Table Analysis; H.5.2 [Information Inter- faces and Presentation]: User InterfacesﾑGraphical User Inter- faces; I.5.2 [Pattern Recognition]: Design MethodologyﾑFeature Evaluation and Selection,,,,,1,,,,,,,,1,,,
Observation-level Interaction with Statistical Models for Visual Analytics,2011,VAST,Visual Computational Analysis of Multivariate Data,"Alex Endert, Chao Han, Dipayan Maiti, Leanna House, Scotland Leman, Chris North","observation-level interaction, visual analytics, statistical models.",1,,1,,,,,,,,1,,1,,1,
Pointwise Local Pattern Exploration for Sensitivity Analysis,2011,VAST,Visual Computational Analysis of Multivariate Data,"Zhenyu Guo, Matthew Ward, Elke Rundensteiner, Carolina Ruiz","Knowledge Discovery, sensitivity analysis, local pat- tern visualization.",1,,,,1,,,,,,1,,1,,,
Interactive Decision Making Using Dissimilarity to Visually Represented Prototypes,2011,VAST,Visual Computational Analysis of Multivariate Data,"Malgorzata Migut, Jan C. van Gemert, Marcel Worring","dissimilarity based classification, dissimilarity based visualization, prototypes, interactive visualization, visual analytics",,,,,1,,,,,,,,1,,,1
Baobab View: Interactive Construction and Analysis of Decision Trees,2011,VAST,Visual Computational Analysis of Multivariate Data,"Stef van den Elzen, Jarke J. van Wijk",H.1.2 [Information Systems]: User/Machine SystemsﾑHuman Information Processing; H.2.8 [Database Man- agement]: Database ApplicationsﾑData Mining; I.3.6 [Computer Graphics]: Methodology and TechniquesﾑInteraction Techniques,,1,,1,,,,,,,1,,1,1,,
From Movement Tracks through Events to Places: Extracting and Characterizing Significant Places from Mobility Data,2011,VAST,Space and Time,"Gennady Andrienko, Natalia Andrienko, Cristophe Hurter, Salvatore Rinzivillo, Stefan Wrobel","movement, trajectories, spatio-temporal data, spatial events, spatial clustering, spatio-temporal clustering",,,1,,1,,,,,,,,1,,1,
Visual Analysis of Route Diversity,2011,VAST,Space and Time,"He Liu, Yuan Gao, Lu Lu, Siyuan Liu, Lionel Ni, Huamin Qu",,,,,,1,,,,,,,,1,,,
SensePlace2: Geotwitter Analytics Support for Situation Awareness,2011,VAST,Space and Time,"Alan M. MacEachren, Anuj Jaiswal, Anthony C. Robinson, Scott Pezanowski, Alexander Savelyev, Prasenjit Mitra, Xaio Zhang, Justine Blanford","social media analytics, scenario-based design, geovisualization, situational awareness, text analytics, crisis management, spatio-temporal analysis.",,1,,,1,,,,1,,1,,1,,,
Visual Analytics Decision Support Environment for Epidemic Modeling and Response Evaluation,2011,VAST,Space and Time,"Shehzad Afzal, Ross Maciejewski, David Ebert",,1,,1,,,,,,1,,1,,1,,,
SAVE: Sensor Anomaly Visualization Engine,2011,VAST,Space and Time,"Lei Shi, Qi Liao, Yuan He, Rui Li, Aaron Striegel, Zhong Su",,,,,,1,,,,,,,,1,,,1
A Visual Navigation System for Querying Neural Stem Cell Imaging Data,2011,VAST,Applications,"Ishwar Kulkarni, Shanaz Mistry, M. Gopi, Brian Cummings","Neuroscience, stem cell segmentation, tracking, cell imaging, data management, visual analytics, navigation, explo- ration, query processing.",,1,,,1,,,,,,,,,1,,1
A Visual Analytics Process for Maritime Resource Allocation and Risk Assessment,2011,VAST,Applications,"Abish Malik, Ross Maciejewski, Ben Maule, David Ebert","Visualanalytics,riskassessment,CoastGuard",,,,,1,,,,,,,,1,,,1
Parallel Topics: A Probabilistic Approach to Exploring Document Collections,2011,VAST,Applications,"Wenwen Dou, Xiaoyu Wang, Remco Chang, William Ribarsky",H.5.2 [INFORMATION INTERFACES AND PRE- SENTATION]: User InterfacesﾑGraphical user interfaces (GUI);,,,,,1,,,,,,,1,1,,,
Analysis of Large Digital Collections with Interactive Visualization,2011,VAST,Applications,"Weijia Xu, Maria Esteva, Suyog Dutt Jain, Varun Jain","Digital collections, archival analysis, visual analytics, data curation",,,,,1,,,,,,,,1,,,
A Two-stage Framework for Designing Visual Analytics System In Organization al Environments,2011,VAST,Applications,"Xiaoyu Wang, Wenwen Dou, Thomas Butkiewicz, Eric Bier, William Ribarsky","Design Theory, Visual Analytics, HCI.",,,,,1,,,,1,,,,1,,,
Whisper: Tracing the Spatiotemporal Process of Information Diffusion in Real Time,2012,InfoVis,Text and Time,"Nan Cao, Yu-Ru Lin, Xiaohua Sun, David Lazer, Shixia Liu, and Huamin Qu, Member, IEEE","Information visualization, Information diffusion, Contagion, Social media, Microblogging, Spatiotemporal patterns",,,,,,1,1,,,,1,,1,,,1
"Exploring Flow, Factors, and Outcomes of Temporal Event Sequences with the Out_ow Visualization",2012,InfoVis,Text and Time,Krist Wongsuphasawat and David Gotz,"Out_ow, information visualization, temporal event sequences, state diagram, state transition.",1,1,,,,,,,,,,1,,,,1
RankExplorer: Visualization of Ranking Changes in Large Time Series Data,2012,InfoVis,Text and Time,RankExplorer: Visualization of Ranking Changes in Large Time Series Data,RankExplorer: Visualization of Ranking Changes in Large Time Series Data,,,,,,,1,,,,,,,1,,
Design Considerations for Optimizing Storyline Visualizations,2012,InfoVis,Text and Time,"Yuzuru Tanahashi, and Kwan-Liu Ma","Layout algorithm, timeline visualization, storyline visualization, design study",,,,,,,1,,,,,,1,1,,
Beyond Mouse and Keyboard: Expanding Design Considerations for Information Visualization Interactions,2012,InfoVis,Interaction,"Bongshin Lee, Petra Isenberg, Nathalie Henry Riche, and Sheelagh Carpendale","Design considerations, interaction, post-WIMP, NUI (Natural User Interface).",,,,,,,,,1,,,,1,,,
Intelligent Graph Layout Using Many Users’ Input,2012,InfoVis,Interaction,"Xiaoru Yuan, Member, IEEE, Limei Che, Yifan Hu, and Xin Zhang","Graph layout, Laplacian matrix, force directed layout, stress model, merging, editing, crowd sourcing.",,,,,,,,,1,,,,,1,,
PivotPaths: Strolling through Faceted Information Spaces,2012,InfoVis,Interaction,"Marian D_rk, Nathalie Henry Riche, Gonzalo Ramos, and Susan Dumais","Information visualization, interactivity, node-link diagrams, animation, information seeking, exploratory search.",,,,,,,,,1,,,,1,,,
Interaction Support for Visual Comparison Inspired by Natural Behavior,2012,InfoVis,Interaction,"Christian Tominski, Camilla Forsell, and Jimmy Johansson","Interaction techniques, visual comparison, visualization, human-computer interaction, natural interaction.",,,,,,,,,1,,,,1,,,
RelEx: Visualization for Actively Changing Overlay Network Speci_cations,2012,InfoVis,Interaction,"Michael Sedlmair,  Annika Frank, Tamara Munzner, and Andreas Butz","Network visualization, change management, traf_c routing, traf_c optimization, automotive, design study",,,,,,,,,1,,,,1,1,,
Evaluating the Effect of Style in Information Visualization,2012,InfoVis,Sketching and Designing Visualizations,"Andrew Vande Moere, Martin Tomitsch, Christoph Wimmer, Christoph Boesch, and Thomas Grechenig","Visualization, design, style, aesthetics, evaluation, online study, user experience.",,,,,,,,,1,,,,,,,1
Sketchy Rendering for Information Visualization,2012,InfoVis,Sketching and Designing Visualizations,"Jo Wood, Petra Isenberg, Tobias Isenberg, Jason Dykes, Nadia Boukhelifa, and Aidan Slingsby","NPR, non-photorealistic rendering, sketch, hand-drawn, uncertainty, visualization.",,,,,,,,,1,,,,1,,,
An Empirical Study on Using Visual Embellishments in Visualization,2012,InfoVis,Sketching and Designing Visualizations,"Rita Borgo, Al_e Abdul-Rahman, Farhan Mohamed, Philip W. Grant, Irene Reppa, Luciano Floridi, and Min Chen","Visual embellishments, metaphors, icons, cognition, working memory, long-term memory, visual search, evaluation",1,,,,,,,,,,,,,,,1
Evaluating Sketchiness as a Visual Variable for the Depiction of Qualitative Uncertainty,2012,InfoVis,Sketching and Designing Visualizations,"Nadia Boukhelifa, Anastasia Bezerianos, Tobias Isenberg,Jean-Daniel Fekete","Uncertainty visualization, qualitative evaluation, quantitative evaluation, perception",,,,,,,,,,1,,,1,,,
Understanding Pen and Touch Interaction for Data Exploration on Interactive Whiteboards,2012,InfoVis,Sketching and Designing Visualizations,"Jagoda Walny, Bongshin Lee, Paul Johns, Nathalie Henry Riche, and Sheelagh Carpendale","Pen and touch, interaction, Wizard of Oz, whiteboard, data exploration",,,,,,,,1,,,,1,,,,
The DeepTree Exhibit: Visualizing the Tree of Life to Facilitate Informal Learning,2012,InfoVis,Education and Popular Applications,"Florian Block, Michael S. Horn, Brenda Caldwell Phillips, Judy Diamond, E. Margaret Evans, and Chia Shen","Informal science education, collaborative learning, large tree visualizations, multi-touch interaction",,,,,,,1,,,,,1,,,,
Living Liquid: Design and Evaluation of an Exploratory　Visualization Tool for Museum Visitors,2012,InfoVis,Education and Popular Applications,"Joyce Ma, Isaac Liao, Kwan-Liu Ma,  Jennifer Frazier","Information visualization, user interaction, evaluation, user studies, science museums, informal learning environments.",,,,,,,,1,,,,1,,,,
Visualizing Student Histories Using Clustering and Composition,2012,InfoVis,Education and Popular Applications,"David Trimm, Penny Rheingans, Member, IEEE, and Marie desJardins","Clustering, aggregate visualization, student performance analysis, visualization composition.",,,,,,,,1,,,,,1,,,
SnapShot: Visualization to Propel Ice Hockey Analytics,2012,InfoVis,Education and Popular Applications,"Hannah Pileggi, Charles D. Stolper, J. Michael Boyle, and John T. Stasko,","Visual knowledge discovery, visual knowledge representation, hypothesis testing, visual evidence, human computer interaction.",,,,,,,,,1,,,1,,,,
OpinionSeer: Interactive Visualization of Hotel Customer Feedback,2010,InfoVis,Social Applications,"Yingcai Wu, Furu Wei, Shixia Liu, Norman Au,Weiwei Cui, Hong Zhou, and Huamin Qu,","Opinion visualization, radial visualization, uncertainty visualization.",,,1,,,,,,,,1,,1,,,
The Streams of Our Lives: Visualizing Listening Histories in Context,2010,InfoVis,Social Applications,"Dominikus Baur, Frederik Seiffert, Michael Sedlmair, and Sebastian Boring","Information visualization, lifelogging, design study, music, listening history, timelines, photos, calendars.",,,,,,,,,1,,,1,,,,1
A Visual Backchannel for Large-Scale Events,2010,InfoVis,Social Applications,"Marian Dork, Daniel Gruen, Carey Williamson, and Sheelagh Carpendale","Backchannel, information visualization, events, multiple views, microblogging, information retrieval, World Wide Web.",,,,,,,,,1,,,,,,,1
Narrative Visualization: Telling Stories with Data,2010,InfoVis,Social Applications,Edward Segel and Jeffrey Heer,"Narrative visualization, storytelling, design methods, case study, journalism, social data analysis.",,,,,,,,,1,,,,,,,1
Declarative Language Design for Interactive Visualization,2010,InfoVis,Frameworks,Jeffrey Heer and Michael Bostock,"Information visualization, user interfaces, toolkits, domain speci_c languages, declarative languages, optimization.",,,,,,,,,1,,,,,,1,
Visualizations Everywhere:A Multiplatform Infrastructure for Linked Visualizations,2010,InfoVis,Frameworks,"Danyel Fisher, Steven M. Drucker, Roland Fernandez, and Scott Ruble","Visualization systems, toolkit design, data transformation and representation.",,,,,,,,,1,,,,1,,,
behaviorism : A Framework for Dynamic Data Visualization,2010,InfoVis,Frameworks,"Angus Graeme Forbes, Tobias Hollerer, and George Legrady","Frameworks, information visualization, information art, dynamic data.",,,,,,,,,1,,,,1,,,
FacetAtlas: Multifaceted Visualization for Rich Text Corpora,2010,InfoVis,Text Visualization,"Nan Cao, Jimeng Sun, Yu-Ru Lin, David Gotz, Shixia Liu, and Huamin Qu,","—Multi-facet visualization, Text visualization, Multi-relational Graph, Search UI",,,,1,,,,,,,,1,1,,,1
SparkClouds: Visualizing Trends in Tag Clouds,2010,InfoVis,Text Visualization,SparkClouds: Visualizing Trends in Tag Clouds,"Tag clouds, trend visualization, multiple line graphs, stacked bar charts, evaluation",1,1,,,,,,,,,,,,1,,
ManiWordle: Providing Flexible Control over Wordle,2010,InfoVis,Text Visualization,"Kyle Koh, Bongshin Lee, Bohyoung Kim, and Jinwook Seo","Interaction design, direct manipulation, flexibilty-usability tradeoff, tag-cloud, participatory visualization, user study",,,,,,,,,1,,,,,,,1
Necklace Maps,2010,InfoVis,"Applications: Geo, Bio, and Time",Bettina Speckmann and Kevin Verbeek,"Geographic Visualization, Automated Cartography, Proportional Symbol Maps, Necklace Maps.",,1,,,,,,,,,,,,,1,
Rethinking Map Legends with Visualization,2010,InfoVis,"Applications: Geo, Bio, and Time","Jason Dykes, Jo Wood, Member, IEEE, and Aidan Slingsby","Cartography, design, Digimap service, legend, online web mapping, visualization.",,,,1,,,,,,,,,,,,1
Signal Lens: Focus+Context Applied to Electronic Time Series,2010,InfoVis,"Applications: Geo, Bio, and Time",Robert Kincaid,"Focus+Context, Lens, Test and Measurement, Electronic Signal, Signal Processing.",,,,,1,,,,,,,,1,,,
MulteeSum: A Tool for Comparative Spatial and Temporal Gene Expression Data,2010,InfoVis,"Applications: Geo, Bio, and Time","Miriah Meyer, Tamara Munzner, Angela DePace and Hanspeter P_ster,","Spatial data, temporal data, gene expression.",,,,1,,,,,,,,,1,,,
Gremlin: An Interactive Visualization Model for Analyzing Genomic Rearrangements,2010,InfoVis,"Applications: Geo, Bio, and Time","Trevor M. O’Brien, Anna M. Ritz, Benjamin J. Raphael, and David H. Laidlaw","Information visualization, bioinformatics, insight-based evaluation.",,,,,,,,,,1,,,,,,1
Graphical Perception of Multiple Time Series,2010,InfoVis,Evaluation,"Waqas Javed, Bryan McDonnel, and Niklas Elmqvist","Line graphs, braided graphs, horizon graphs, small multiples, stacked graphs, evaluation, design guidelines.",1,,,,,,,,,,,1,,,,
Uncovering Strengths and Weaknesses of Radial Visualizations—an Empirical Approach,2010,InfoVis,Evaluation,"Stephan Diehl, Member, IEEE, Fabian Beck, and Michael Burch","Radial visualization, user study, visual memory",1,1,,,,,,,,,,1,,,,
How Information Visualization Novices Construct Visualizations ,2010,InfoVis,Evaluation,"Lars Grammel, Melanie Tory, Margaret-Anne Storey","emprical study,visualisation.visualisation construction, visual analytics, visual mapping, novices",,,,1,,,,,,,,,,,1,
eSeeTrack _Visualizing Sequential Fixation Patterns,2010,InfoVis,Evaluation,"Hoi Ying Tsang, Melanie Tory, and Colin Swindells, University of Victoria","H.5.1 [User / Machine Systems]: Human factors, H.5.2 [Information Interfaces and Presentation]: User Interfaces-GUI",,,,,1,,,,,,,,1,,,
Evaluating the Impact of Task Demands and Block Resolution on the Effectiveness of Pixel-based Visualization,2010,InfoVis,Evaluation,"Rita Borgo, Karl Proctor, Min Chen,Heike Janicke, Tavi Murray, and Ian M. Thornton,","Pixel-based visualization, evaluation, user study, visual search, change detection.",,,,,,,1,,,,,1,,,,